"names","address"
"Accounts Payable"," 344 Winchester Avenue, New Haven, CT"
"Affinity Federal Credit Union"," 55 Whitney Avenue, New Haven, CT"
"African American Studies"," 81 Wall Street, New Haven, CT"
"African Collection"," 120 High Street, New Haven, CT"
"Afro-American Cultural Center"," 211 Park Street, New Haven, CT"
"Agrarian Studies"," 204 Prospect Street, New Haven, CT"
"Air Force Reserve Officers Training Corps (ROTC) at Yale"," 55 Whitney Avenue, New Haven, CT"
"Alumni Information/Records"," 157 Church Street, New Haven, CT"
"American Journal of Science"," 210 Whitney Avenue, New Haven, CT"
"American Oriental Society & Journal"," 120 High Street, New Haven, CT"
"American Studies"," 304 Elm Street, New Haven, CT"
"Anesthesiology"," 789 Howard Avenue, New Haven, CT"
"Animal Research"," 25 Science Park, 150 Munson Street, New Haven, CT"
"Anlyan Center Auditorium"," 300 Cedar Street, New Haven, CT"
"Anthropology"," 10 Sachem Street, New Haven, CT"
"Anthropology Library"," 219 Prospect Street, New Haven, CT"
"Applied Physics"," 15 Prospect Street, New Haven, CT"
"Architecture Gallery (School of Architecture)"," 180 York Street, New Haven, CT"
"Armory"," 70 Central Avenue, New Haven, CT"
"Arnold Hall"," 304 Elm Street, New Haven, CT"
"Arts of the Book Collection"," 180 York Street, New Haven, CT"
"Asian American Cultural Center"," 295-297 Crown Street, New Haven, CT"
"Associated Student Agencies"," 246 Church Street, New Haven, CT"
"Astronomy"," 260 Whitney Avenue, New Haven, CT"
"Astronomy Library"," 260 Whitney Avenue, New Haven, CT"
"Athletics, Physical Education, & Recreation"," 20 Tower Parkway, New Haven, CT"
"Babylonian Collection"," 120 High Street, New Haven, CT"
"Bass Library"," 110 Wall Street, New Haven, CT"
"Battell Chapel"," 400 College Street, New Haven, CT"
"Beinecke Rare Book & Manuscript Library"," 121 Wall Street, New Haven, CT"
"Berkeley College"," 205 Elm Street, New Haven, CT"
"Berkeley Divinity School & Center"," 409 Prospect Street, New Haven, CT"
"Bingham Hall"," 300 College Street, New Haven, CT"
"Biological & Biomedical Sciences Graduate Program"," 333 Cedar Street, New Haven, CT"
"Biomedical Engineering"," 55 Prospect Street, New Haven, CT"
"Black Church at Yale"," 211 Park Street, New Haven, CT"
"Boswell Editions"," 120 High Street, New Haven, CT"
"Bowers Auditorium"," 205 Prospect Street, New Haven, CT"
"Boyer Center for Molecular Medicine"," 295 Congress Avenue, New Haven, CT"
"Brady Auditorium"," 310 Cedar Street, New Haven, CT"
"Brady Squash Center"," 70 Tower Parkway, New Haven, CT"
"Brady-Johnson Program in Grand Strategy"," 31 Hillhouse Avenue, New Haven, CT"
"Branford College"," 74 High Street, New Haven, CT"
"Brooks-Dwyer Varsity Strength & Conditioning Center"," 70 Tower Parkway, New Haven, CT"
"Burke Auditorium"," 195 Prospect Street, New Haven, CT"
"Calvin Hill Day Care Center"," 150 Highland Street, New Haven, CT"
"Campus Mail Services: Central & Science Areas"," 344 Winchester Avenue, New Haven, CT"
"Campus Mail Services: Medical Mailroom"," 295 Congress Avenue, New Haven, CT"
"Campus Tours"," 149 Elm Street, New Haven, CT"
"Cancer Biology Institute"," 840 West Campus Drive, New Haven, CT"
"Career Development"," 221 Whitney Avenue, New Haven, CT"
"Cell Biology"," 333 Cedar Street, New Haven, CT"
"Cellular & Molecular Physiology"," 333 Cedar Street, New Haven, CT"
"Cellular Neuroscience, Neurodegeneration & Repair Program (CNNR)"," 295 Congress Avenue, New Haven, CT"
"Center for Astronomy & Astrophysics"," 260 Whitney Avenue, New Haven, CT"
"Center for Business & the Environment"," 195 Prospect Street, New Haven, CT"
"Center for Cellular & Molecular Imaging (CCMI)"," 333 Cedar Street, New Haven, CT"
"Center for Clinical Investigation (YCCI)"," 2 Church Street South, New Haven, CT"
"Center for Collaborative Arts & Media"," 149 York Street, New Haven, CT"
"Center for Comparative Research (CCR)"," 204 Prospect Street, New Haven, CT"
"Center for Cultural Sociology"," 204 Prospect Street, New Haven, CT"
"Center for Earth Observation"," 21 Sachem Street, New Haven, CT"
"Center for Emotional Intelligence"," 340 Edwards Street, New Haven, CT"
"Center for Empirical Research on Stratification & Inequality (CERSI)"," 493 College Street, New Haven, CT"
"Center for Engineering Innvovation and Design (CEID)"," 15 Prospect Street, New Haven, CT"
"Center for Environmental Law & Policy"," 195 Prospect Street, New Haven, CT"
"Center for Faith & Culture"," 409 Prospect Street, New Haven, CT"
"Center for Green Chemistry & Green Engineering"," 225 Prospect Street, New Haven, CT"
"Center for Industrial Ecology"," 380 Edwards Street, New Haven, CT"
"Center for Interdisciplinary Research on AIDS (CIRA)"," 135 College Street, New Haven, CT"
"Center for International & Professional Experience"," 55 Whitney Avenue, New Haven, CT"
"Center for Language Study"," 370 Temple Street, New Haven, CT"
"Center for Laser Diagnostics"," 15 Prospect Street, New Haven, CT"
"Center for Medical Informatics (YCMI)"," 300 George Street, New Haven, CT"
"Center for Microelectronic Materials & Structures"," 15 Prospect Street, New Haven, CT"
"Center for Perinatal, Pediatric, & Environmental Epidemiology"," 1 Church Street, New Haven, CT"
"Center for Science and Social Science Information (CSSSI)"," 219 Prospect Street, New Haven, CT"
"Center for Solar & Space Research"," 260 Whitney Avenue, New Haven, CT"
"Center for the Study of American Politics"," 77 Prospect Street, New Haven, CT"
"Center for Theoretical Physics"," 217 Prospect Street, New Haven, CT"
"Central Power Plant"," 120 Tower Parkway, New Haven, CT"
"Chaplain’s Office"," 300 College Street, New Haven, CT"
"Chemical & Environmental Engineering"," 9 Hillhouse Avenue, New Haven, CT"
"Chemical Biology Institute"," 600 West Campus Drive, New Haven, CT"
"Chemical Instrumentation Center"," 225 Prospect Street, New Haven, CT"
"Chemistry"," 225 Prospect Street, New Haven, CT"
"Child Care Resource & Referral"," 221 Whitney Avenue, New Haven, CT"
"Child Study Center"," 230 South Frontage Road, New Haven, CT"
"Classics"," 344 College Street, New Haven, CT"
"Classics Library"," 344 College Street, New Haven, CT"
"Classroom Scheduling & Special Events"," 246 Church Street, New Haven, CT"
"Claude D. Pepper Older Americans Independence Center"," 300 George Street, New Haven, CT"
"Collaborative Center for Statistics in Science"," 300 George Street, New Haven, CT"
"Collection of American Literature"," 121 Wall Street, New Haven, CT"
"Collection of German Literature"," 121 Wall Street, New Haven, CT"
"Collection of Western Americana"," 121 Wall Street, New Haven, CT"
"College Seminar Program"," 1 Prospect Street, New Haven, CT"
"Comer School Development Program"," 100 York Street, New Haven, CT"
"Commencement Information"," 105 Wall Street, New Haven, CT"
"Committee on Canadian Studies"," 34 Hillhouse Avenue, New Haven, CT"
"Comparative Literature"," 451 College Street, New Haven, CT"
"Computational Biology & Bioinformatics"," 300 George Street, New Haven, CT"
"Computer Science"," 51 Prospect Street, New Haven, CT"
"Conferences & Events"," 55 Whitney Avenue, New Haven, CT"
"Conflict of Interest Office"," 25 Science Park, 150 Munson Street, New Haven, CT"
"Connecticut Academy of Arts & Sciences"," 310 Prospect Street, New Haven, CT"
"Controller’s Office"," 150 Munson Street, New Haven, CT"
"Cooperative Research Office"," 433 Temple Street, New Haven, CT"
"Cooperative Research Office: School of Medicine"," 2 Church Street South, New Haven, CT"
"Council of the Heads of College"," 1 Prospect Street, New Haven, CT"
"Council on African Studies"," 34 Hillhouse Avenue, New Haven, CT"
"Council on Archaeological Studies"," 10 Sachem Street, New Haven, CT"
"Council on East Asian Studies"," 34 Hillhouse Avenue, New Haven, CT"
"Council on Latin American & Iberian Studies"," 34 Hillhouse Avenue, New Haven, CT"
"Council on Middle East Studies"," 34 Hillhouse Avenue, New Haven, CT"
"Council on Southeast Asia Studies"," 34 Hillhouse Avenue, New Haven, CT"
"Cowles Foundation for Research in Economics"," 30 Hillhouse Avenue, New Haven, CT"
"Coxe Cage (recreational running)"," 257 Derby Avenue, New Haven, CT"
"Cullman-Heyman Tennis Center"," 253 Derby Avenue, New Haven, CT"
"Custodial Services"," 165 Elm Street, New Haven, CT"
"Davenport College"," 248 York Street, New Haven, CT"
"Davies Auditorium"," 15 Prospect Street, New Haven, CT"
"Department of Music"," 469 College Street, New Haven, CT"
"Dermatology"," 15 York Street, New Haven, CT"
"Development: School of Medicine"," 157 Church Street, New Haven, CT"
"DeWitt Cuyler Complex"," 256 Derby Avenue, New Haven, CT"
"Diabetes Research Center"," 300 Cedar Street, New Haven, CT"
"Diagnostic Radiology"," 789 Howard Avenue, New Haven, CT"
"Directed Studies"," 53 Wall Street, New Haven, CT"
"Divinity School"," 409 Prospect Street, New Haven, CT"
"Divinity School Library"," 409 Prospect Street, New Haven, CT"
"Division of Undergraduate Ensembles"," 165 Elm Street, New Haven, CT"
"Durfee Hall"," 198 Elm Street, New Haven, CT"
"Dwight Hall"," 67 High Street, New Haven, CT"
"Early Modern Books & Manuscripts and the Osborn Collection"," 121 Wall Street, New Haven, CT"
"Earth Systems Center for Stable Isotopic Studies"," 21 Sachem Street, New Haven, CT"
"East Asia Library"," 120 High Street, New Haven, CT"
"East Asia Reading Room"," 120 High Street, New Haven, CT"
"East Asian Languages & Literatures"," 320 York Street, New Haven, CT"
"Ecology & Evolutionary Biology"," 165 Prospect Street, New Haven, CT"
"Economic Growth Center"," 27 Hillhouse Avenue, New Haven, CT"
"Economic Growth Center Collection"," 219 Prospect Street, New Haven, CT"
"Economics"," 28 Hillhouse Avenue, New Haven, CT"
"Edgewood Gallery (School of Art)"," 32 Edgewood Avenue, New Haven, CT"
"Edith B. Jackson Child Care Program, Inc."," 375-407 Canner; 511-543 Prospect, New Haven, CT"
"Edward Zigler Center in Child Development & Social Policy"," 310 Prospect Street, New Haven, CT"
"Electrical Engineering"," 15 Prospect Street, New Haven, CT"
"Eli Whitney Students Program"," 55 Whitney Avenue, New Haven, CT"
"Elizabethan Club"," 459 College Street, New Haven, CT"
"Emergency Management"," 101 Ashmun Street, New Haven, CT"
"Emergency Medicine"," 464 Congress Avenue, New Haven, CT"
"Employment"," 221 Whitney Avenue, New Haven, CT"
"Energy Sciences Institute (ESI)"," 520 West Campus Drive, New Haven, CT"
"Engineering & Applied Science Library"," 10 Hillhouse Avenue, New Haven, CT"
"English"," 63 High Street, New Haven, CT"
"English Language Institute"," 55 Whitney Avenue, New Haven, CT"
"Environmental Health & Safety"," 135 College Street, New Haven, CT"
"Environmental Leadership & Training Initiative"," 301 Prospect Street, New Haven, CT"
"Episcopal Church at Yale"," 305 Crown Street, New Haven, CT"
"Ethics, Politics & Economics"," 31 Hillhouse Avenue, New Haven, CT"
"Ethnicity, Race & Migration"," 35 Broadway, 2nd Floor, New Haven, CT"
"European Studies Council"," 34 Hillhouse Avenue, New Haven, CT"
"Ezra Stiles College"," 302 York Street, New Haven, CT"
"Facilities Customer Service Center"," 344 Winchester Avenue, New Haven, CT"
"Farnam Hall"," 380 College Street, New Haven, CT"
"Fellowships & Funding"," 55 Whitney Avenue, New Haven, CT"
"Film Studies Program"," 53 Wall Street, New Haven, CT"
"Film Study Center"," 53 Wall Street, New Haven, CT"
"Finance"," 150 Munson Street, New Haven, CT"
"Finance & Business Operations"," 150 Munson Street, New Haven, CT"
"Financial Aid"," 246 Church Street, New Haven, CT"
"Financial Planning & Analysis"," 150 Munson Street, New Haven, CT"
"Financial Reporting & Investment Accounting"," 55 Whitney Avenue, New Haven, CT"
"Fire Code Compliance"," 2 Whitney Avenue, New Haven, CT"
"Fitkin Amphitheater"," 789 Howard Avenue, New Haven, CT"
"Fortunoff Video Archive for Holocaust Testimonies"," 120 High Street, New Haven, CT"
"French"," 82-90 Wall Street, New Haven, CT"
"General Accounting"," 150 Munson Street, New Haven, CT"
"General Counsel"," 2 Whitney Avenue, New Haven, CT"
"Genetics"," 333 Cedar Street, New Haven, CT"
"Geology & Geophysics"," 210 Whitney Avenue, New Haven, CT"
"Germanic Languages & Literatures"," 100 Wall Street, New Haven, CT"
"Gibbs Machine Shop"," 260 Whitney Avenue, New Haven, CT"
"Gilder Lehrman Center for the Study of Slavery, Resistance, & Abolition"," 230 Prospect Street, New Haven, CT"
"Global Institute of Sustainable Forestry"," 360 Prospect Street, New Haven, CT"
"Golf Course at Yale"," 200 Conrad Drive, New Haven, CT"
"Grace Hopper College"," 189 Elm Street, New Haven, CT"
"Grace Murray Hopper Auditorium"," 800 West Campus Drive, New Haven, CT"
"Graduate & Professional School Housing"," 420 Temple Street, New Haven, CT"
"Graduate & Professional Student Center at Yale (GPSCY)"," 204 York Street, New Haven, CT"
"Graduate School of Arts & Sciences"," 1 Hillhouse Avenue, New Haven, CT"
"Graduate Teaching Center"," 320 York Street, New Haven, CT"
"Graduate Writing Laboratory"," 35 Broadway, New Haven, CT"
"Greeley Lab"," 370 Prospect Street, New Haven, CT"
"Green Gallery (School of Art)"," 1156 Chapel Street, New Haven, CT"
"Greenberg Brothers Track"," 70 Tower Parkway, New Haven, CT"
"Greenberg Conference Center"," 391 Prospect Street, New Haven, CT"
"Grounds Maintenance"," 2 Whitney Avenue, New Haven, CT"
"Harkness Memorial Auditorium"," 333 Cedar Street, New Haven, CT"
"Harvey Cushing/John Hay Whitney Medical Library"," 333 Cedar Street, New Haven, CT"
"Haskins Laboratories"," 300 George Street, New Haven, CT"
"Hastings Hall"," 180 York Street, New Haven, CT"
"HIPAA Privacy Office"," 2 Whitney Avenue, Ste 204, New Haven, CT"
"Historical Sound Recordings Collection"," 120 High Street, New Haven, CT"
"History"," 1037 Chapel Street, New Haven, CT"
"History of Art"," 190 York Street, New Haven, CT"
"Hixon Center for Urban Ecology"," 301 Prospect Street, New Haven, CT"
"Horizon International"," 219 Prospect Street, New Haven, CT"
"Howard R. Lamar Center for the Study of Frontiers & Borders"," 53 Wall Street, New Haven, CT"
"Human & Translational Immunology Program"," 10 Amistad Street, New Haven, CT"
"Human Research Protection Program"," 25 Science Park, 150 Munson Street, New Haven, CT"
"Human Resources"," 221 Whitney Avenue, New Haven, CT"
"Humanities Program"," 53 Wall Street, New Haven, CT"
"ID Center: Central Area"," 57 Lock St., New Haven, CT"
"ID Center: School of Medicine"," 333 Cedar Street, New Haven, CT"
"Immunobiology"," 300 Cedar Street, New Haven, CT"
"Infirmary (inpatient care facility)"," 55 Lock Street, New Haven, CT"
"Information Technology Services (ITS)"," 150 Munson Street, New Haven, CT"
"Ingalls Rink"," 73 Sachem Street, New Haven, CT"
"Institute for the Preservation of Cultural Heritage"," 900 West Campus Drive, New Haven, CT"
"Institute of Sacred Music"," 409 Prospect Street, New Haven, CT"
"Institution for Social & Policy Studies"," 77 Prospect Street, New Haven, CT"
"Institutional Planning & Communications: School of Medicine"," 1 Church Street, New Haven, CT"
"Interdisciplinary Center for Bioethics"," 238 Prospect Street, New Haven, CT"
"Internal Medicine"," 330 Cedar Street, New Haven, CT"
"International & Development Economics Program"," 27 Hillhouse Avenue, New Haven, CT"
"International Center for Finance"," 46 Hillhouse Avenue, New Haven, CT"
"International Center for Yale Students & Scholars"," 421 Temple Street, New Haven, CT"
"International Security Studies"," 31 Hillhouse Avenue, New Haven, CT"
"International University Representatives"," 55 Whitney Avenue, New Haven, CT"
"Investments"," 55 Whitney Avenue, New Haven, CT"
"IRIS (Insulin Resistance Intervention after Stroke) Trial"," 2 Church Street South, New Haven, CT"
"Irving S. Gilmore Music Library"," 120 High Street, New Haven, CT"
"Iseman Theater (School of Drama)"," 1156 Chapel Street, New Haven, CT"
"Israel Fitness Center"," 70 Tower Parkway, New Haven, CT"
"Italian Language & Literature"," 82-90 Wall Street, New Haven, CT"
"ITS Academic Technologies"," 55 Whitney Avenue, New Haven, CT"
"ITS Client Accounts"," 150 Munson Street, New Haven, CT"
"ITS Help Desk"," 333 Cedar Street, New Haven, CT"
"ITS Instructional Technology Group"," 55 Whitney Avenue, New Haven, CT"
"Jackson Institute for Global Affairs"," 115 Prospect Street, New Haven, CT"
"James Weldon Johnson Memorial Collection"," 121 Wall Street, New Haven, CT"
"Jane Coffin Childs Memorial Fund"," 333 Cedar Street, New Haven, CT"
"Jonathan Edwards College"," 68 High Street, New Haven, CT"
"Joseph Slifka Center for Jewish Life at Yale"," 80 Wall Street, New Haven, CT"
"Journal of Industrial Ecology"," 380 Edwards Street, New Haven, CT"
"Journal of Marine Research"," 210 Whitney Avenue, New Haven, CT"
"Judaic Studies Program"," 451 College Street, New Haven, CT"
"Judaica Collection"," 120 High Street, New Haven, CT"
"Kavli Institute for Neuroscience"," 333 Cedar Street, New Haven, CT"
"Kiphuth Pool"," 70 Tower Parkway, New Haven, CT"
"Kitty Lustman-Findling Kindergarten"," 150 Highland Street, New Haven, CT"
"Kline Chemistry Laboratory"," 255 Prospect Street, New Haven, CT"
"Kline Geology Laboratory"," 210 Whitney Avenue, New Haven, CT"
"Kline Geology Library"," 210 Whitney Avenue, New Haven, CT"
"Kline Science Library"," 219 Prospect Street, New Haven, CT"
"Kline Tower Stockroom"," 219 Prospect Street, New Haven, CT"
"Knobloch Environment Center"," 195 Prospect Street, New Haven, CT"
"Koerner Center for Emeritus Faculty"," 149 Elm Street, New Haven, CT"
"La Casa Cultural (Center for Chicano, Latino, & Puerto Rican Students)"," 301 Crown Street, New Haven, CT"
"Laboratory Medicine"," 789 Howard Avenue, New Haven, CT"
"Lanman-Wright Hall"," 206 Elm Street, New Haven, CT"
"Latin American Collection"," 120 High Street, New Haven, CT"
"Law School"," 127 Wall Street, New Haven, CT"
"Law School Early Learning Center"," 127 Wall Street, New Haven, CT"
"Lawrance Hall"," 358 College Street, New Haven, CT"
"Lead Resource Center"," 132 Davenport Avenue, New Haven, CT"
"Lee Amphitheater"," 70 Tower Parkway, New Haven, CT"
"Leitner Family Observatory & Planetarium"," 355 Prospect Street, New Haven, CT"
"Lesbian, Gay, Bisexual, & Transgender Studies"," 100 Wall Street, New Haven, CT"
"Levinson Auditorium"," 127 Wall Street, New Haven, CT"
"Lillian Goldman Law Library"," 127 Wall Street, New Haven, CT"
"Linguistics"," 370 Temple Street, New Haven, CT"
"Literature Major"," 451 College Street, New Haven, CT"
"Lost & Found (University Police Department)"," 101 Ashmun Street, New Haven, CT"
"Luce Hall Auditorium"," 34 Hillhouse Avenue, New Haven, CT"
"MacMillan Center"," 34 Hillhouse Avenue, New Haven, CT"
"Magnetic Resonance Research Center"," 300 Cedar Street, New Haven, CT"
"Manuscripts & Archives"," 120 High Street, New Haven, CT"
"Map Collection"," 120 High Street, New Haven, CT"
"Mathematics"," 10 Hillhouse Avenue, New Haven, CT"
"Mathematics Library"," 12 Hillhouse Avenue, New Haven, CT"
"McClellan Hall"," 1037 Chapel Street, New Haven, CT"
"McDougal Graduate Student Center"," 320 York Street, New Haven, CT"
"Mechanical Engineering & Materials Science"," 15 Prospect Street, New Haven, CT"
"Medical Historical Library"," 333 Cedar Street, New Haven, CT"
"Medical Humanities & the Arts Council"," 25 York Street, New Haven, CT"
"Medical School Dining Services"," 367 Cedar Street, New Haven, CT"
"Microbial Pathogenesis"," 295 Congress Avenue, New Haven, CT"
"Microbial Sciences Institute (MSI)"," 840 West Campus Drive, New Haven, CT"
"Microform Reading Room"," 120 High Street, New Haven, CT"
"Millstein Center for Corporate Governance & Performance"," 250 Church Street, New Haven, CT"
"Modern Books & Manuscripts"," 121 Wall Street, New Haven, CT"
"Modern European Books & Manuscripts"," 121 Wall Street, New Haven, CT"
"Molecular Biophysics & Biochemistry"," 333 Cedar Street, New Haven, CT"
"Molecular, Cellular & Developmental Biology"," 219 Prospect Street, New Haven, CT"
"Morse College"," 304 York Street, New Haven, CT"
"Morse Recital Hall"," 470 College Street, New Haven, CT"
"Nanobiology Institute"," 850 West Campus Drive, New Haven, CT"
"Native American Cultural Center"," 26 High Street, New Haven, CT"
"Near Eastern Collection"," 120 High Street, New Haven, CT"
"Near Eastern Languages & Civilizations"," 320 York Street, New Haven, CT"
"Neurology"," 15 York Street, New Haven, CT"
"Neuroscience"," 333 Cedar Street, New Haven, CT"
"Neuroscience, Interdepartmental Program"," 333 Cedar Street, New Haven, CT"
"Neurosurgery"," 789 Howard Avenue, New Haven, CT"
"Nondegree Students Program"," 55 Whitney Avenue, New Haven, CT"
"Nursing Information Resources"," 333 Cedar Street, New Haven, CT"
"Obstetrics, Gynecology & Reproductive Sciences"," 310 Cedar Street, New Haven, CT"
"Off Broadway Theater"," 41 Broadway, New Haven, CT"
"Office for Equal Opportunity Programs"," 221 Whitney Avenue, New Haven, CT"
"Office for Women in Medicine"," 333 Cedar Street, New Haven, CT"
"Office of Best Practices"," 221 Whitney Avenue, New Haven, CT"
"Office of Career Strategy"," 320 York Street, New Haven, CT"
"Office of Development"," 157 Church Street, New Haven, CT"
"Office of Diversity & Inclusion"," 221 Whitney Avenue, New Haven, CT"
"Office of Facilities"," 2 Whitney Avenue, New Haven, CT"
"Office of Federal Relations"," 2 Whitney Avenue, New Haven, CT"
"Office of Fellowship Programs"," 55 Whitney Avenue, New Haven, CT"
"Office of Graduate Student Life"," 320 York Street, New Haven, CT"
"Office of Institutional Research"," 2 Whitney Avenue, New Haven, CT"
"Office of International Affairs"," 393 Prospect Street, New Haven, CT"
"Office of International Students & Scholars"," 421 Temple Street, New Haven, CT"
"Office of LGBTQ Resources"," 135 Prospect St., New Haven, CT"
"Office of Marketing & Trademark Licensing"," 2 Whitney Avenue, New Haven, CT"
"Office of New Haven & State Affairs"," 433 Temple Street, New Haven, CT"
"Office of Public Affairs & Communications"," 2 Whitney Avenue, New Haven, CT"
"Office of Research Administration"," 25 Science Park, 150 Munson Street, New Haven, CT"
"Office of Sponsored Projects"," 25 Science Park, 150 Munson Road, New Haven, CT"
"Office of the President"," 3 Prospect Street, New Haven, CT"
"Office of the Provost"," 2 Whitney Avenue, New Haven, CT"
"Office of the Secretary"," 105 Wall Street, New Haven, CT"
"Office of the University Printer"," 2 Whitney Avenue, New Haven, CT"
"Ophthalmology & Visual Science"," 40 Temple Street, New Haven, CT"
"Oral History American Music Archive"," 310 Prospect Street, New Haven, CT"
"Ordway Learning Center"," 195 Prospect Street, New Haven, CT"
"Orthopaedics & Rehabilitation"," 800 Howard Avenue, New Haven, CT"
"Palmer-Schreiber Library (Comparative Literature)"," 300 College Street, New Haven, CT"
"Papers of Benjamin Franklin"," 120 High Street, New Haven, CT"
"Parking & Transit Services: Central"," 221 Whitney Avenue, New Haven, CT"
"Parking & Transit Services: Medical"," 333 Cedar Street, New Haven, CT"
"Pathology"," 310 Cedar Street, New Haven, CT"
"Patient Financial Services: School of Medicine"," 300 George Street, New Haven, CT"
"Payne Whitney Gymnasium Information"," 70 Tower Parkway, New Haven, CT"
"Payroll & Compensation Accounting"," 221 Whitney Avenue, New Haven, CT"
"Peabody Museum of Natural History"," 170 Whitney Avenue, New Haven, CT"
"Pediatrics"," 15 York Street, New Haven, CT"
"Pharmacology"," 333 Cedar Street, New Haven, CT"
"Pharmacy (Yale Health Center)"," 55 Lock Street, New Haven, CT"
"Philosophy"," 1017 Chapel Street, New Haven, CT"
"Phyllis Bodel Child Care Center & Kindergarten"," 367 Cedar Street, New Haven, CT"
"Physical Plant"," 344 Winchester Avenue, New Haven, CT"
"Physician Associate Program"," 367 Cedar Street, New Haven, CT"
"Physics"," 217 Prospect Street, New Haven, CT"
"PIER (Programs in International Educational Resources)"," 115 Prospect Street, New Haven, CT"
"Pierson College"," 261 Park Street, New Haven, CT"
"Political Science"," 115 Prospect Street, New Haven, CT"
"Poorvu Center for Teaching & Learning"," 320 York Street, New Haven, CT"
"Positron Emission Tomography (PET) Center"," 789 Howard Avenue, New Haven, CT"
"Postdoctoral Affairs Office: Central"," 225 Prospect Street, New Haven, CT"
"Postdoctoral Affairs Office: Medical"," 333 Cedar Street, New Haven, CT"
"Printing & Publishing Services (YPPS)"," 344 Winchester Avenue, New Haven, CT"
"Procurement"," 150 Munson Street, New Haven, CT"
"Program in the History of Science & Medicine"," 320 York Street, New Haven, CT"
"Program in Women’s, Gender & Sexuality Studies"," 100 Wall Street, New Haven, CT"
"Program of Environmental Studies"," 195 Prospect Street, New Haven, CT"
"Program on Forest Health"," 360 Prospect Street, New Haven, CT"
"Program on Forest Physiology & Biotechnology"," 370 Prospect Street, New Haven, CT"
"Program on Forest Policy & Governance"," 195 Prospect Street, New Haven, CT"
"Program on Private Forests"," 360 Prospect Street, New Haven, CT"
"Provost, FAS Business Operations"," 55 Whitney Avenue, New Haven, CT"
"Psychiatry"," 300 George Street, New Haven, CT"
"Psychology"," 2 Hillhouse Avenue, New Haven, CT"
"Ray Tompkins House"," 20 Tower Parkway, New Haven, CT"
"Reese Stadium"," 75 Central Avenue, New Haven, CT"
"Registrar’s Office, Faculty of Arts & Sciences"," 246 Church Street, New Haven, CT"
"Religious Studies"," 451 College Street, New Haven, CT"
"Resource Office on Disabilities"," 35 Broadway, New Haven, CT"
"Risk Management"," 2 Whitney Avenue, New Haven, CT"
"Robert B. Haas Family Arts Library"," 180 York Street, New Haven, CT"
"Robert L. McNeil, Jr., Lecture Hall"," 1111 Chapel Street, New Haven, CT"
"Robert Wood Johnson Clinical Scholars Program"," 333 Cedar Street, New Haven, CT"
"Rosenfeld Hall"," 109-111 Grove Street, New Haven, CT"
"Saybrook College"," 242 Elm Street, New Haven, CT"
"School of Architecture"," 180 York Street, New Haven, CT"
"School of Art"," 1156 Chapel Street, New Haven, CT"
"School of Drama"," 222 York Street, New Haven, CT"
"School of Engineering & Applied Science"," 10 Hillhouse Avenue, New Haven, CT"
"School of Forestry & Environmental Studies"," 195 Prospect Street, New Haven, CT"
"School of Management"," 165 Whitney Avenue, New Haven, CT"
"School of Medicine"," 333 Cedar Street, New Haven, CT"
"School of Music"," 435 College Street, New Haven, CT"
"School of Nursing"," 400 West Campus Drive, New Haven, CT"
"School of Public Health"," 60 College Street, New Haven, CT"
"Schwarzman Center"," 168 Grove St., New Haven, CT"
"Section of Comparative Medicine"," 375 Congress Avenue, New Haven, CT"
"Section of the History of Medicine"," 333 Cedar Street, New Haven, CT"
"Security - Access Control Office"," 344 College Street, New Haven, CT"
"Security Department"," 57 Lock Street, New Haven, CT"
"Silliman College"," 505 College Street, New Haven, CT"
"Slavic & East European Collection"," 120 High Street, New Haven, CT"
"Slavic Languages & Literatures"," 320 York Street, New Haven, CT"
"Social Science Library"," 219 Prospect Street, New Haven, CT"
"Social Science Statistical Laboratory (StatLab)"," 219 Prospect Street, New Haven, CT"
"Sociology"," 493 College Street, New Haven, CT"
"Sociology Graduate Students (SGS)"," 210 Prospect Street, New Haven, CT"
"South Asian Studies Council"," 34 Hillhouse Avenue, New Haven, CT"
"Southeast Asia Collection"," 120 High Street, New Haven, CT"
"Spanish & Portuguese"," 82-90 Wall Street, New Haven, CT"
"St. Thomas More Chapel & Center (Roman Catholic Chaplaincy)"," 268 Park Street, New Haven, CT"
"Statistics"," 24 Hillhouse Avenue, New Haven, CT"
"Sterling Chemistry Laboratory"," 225 Prospect Street, New Haven, CT"
"Sterling Memorial Library"," 120 High Street, New Haven, CT"
"Sterling Power Plant"," 309 Congress Avenue, New Haven, CT"
"Student Developer & Mentorship Program"," 143 Elm Street, New Haven, CT"
"Student Employment"," 246 Church Street, New Haven, CT"
"Student Information Technology Services"," 246 Church Street, New Haven, CT"
"Student Loan Billing & Payment Office"," 246 Church Street, New Haven, CT"
"Study Abroad"," 55 Whitney Avenue, New Haven, CT"
"Sudler Hall"," 100 Wall Street, New Haven, CT"
"Surgery"," 310 Cedar Street, New Haven, CT"
"Sustainable Food Project"," 301 Prospect Street, New Haven, CT"
"Systems Biology Institute"," 840 West Campus Drive, New Haven, CT"
"Tax Department"," 150 Munson Street, New Haven, CT"
"Thain Family Café"," 110 Wall Street, New Haven, CT"
"The Forests Dialogue Secretariat"," 360 Prospect Street, New Haven, CT"
"The Jonathan Edwards Center at Yale"," 409 Prospect Street, New Haven, CT"
"The New Journal"," 305 Crown Street, New Haven, CT"
"The Todai-Yale Initiative"," 55 Whitney Avenue, New Haven, CT"
"The Yale Herald"," 305 Crown Street, New Haven, CT"
"The Yale Review"," 314 Prospect Street, New Haven, CT"
"Theater Magazine"," 222 York Street, New Haven, CT"
"Theater Studies"," 220 York Street, New Haven, CT"
"Therapeutic Radiology"," 15 York Street, New Haven, CT"
"Timothy Dwight College"," 345 Temple Street, New Haven, CT"
"Traffic, Receiving & Stores"," 55 Whitney Avenue, New Haven, CT"
"Transportation Dispatch Office"," 344 College Street, New Haven, CT"
"Treasury Services"," 2 Whitney Avenue, New Haven, CT"
"Tropical Resources Institute"," 301 Prospect Street, New Haven, CT"
"Trumbull College"," 241 Elm Street, New Haven, CT"
"Trusts & Estates"," 55 Whitney Avenue, New Haven, CT"
"U.S. Post Office (Yale Station)"," 206 Elm Street, New Haven, CT"
"Ulysses S. Grant Foundation"," 67 High Street, New Haven, CT"
"Undergraduate Admissions"," 38 Hillhouse Avenue, New Haven, CT"
"Undergraduate Career Services"," 55 Whitney Avenue, New Haven, CT"
"University Auditing & Quality Assurance"," 150 Munson Street, New Haven, CT"
"University Church in Yale"," 300 College Street, New Haven, CT"
"University Council"," 105 Wall Street, New Haven, CT"
"University Police Department"," 101 Ashmun Street, New Haven, CT"
"University Properties"," 433 Temple Street, New Haven, CT"
"University Theatre (School of Drama)"," 222 York Street, New Haven, CT"
"University-Wide Committee on Sexual Misconduct"," 55 Whitney Avenue, Ste 260, New Haven, CT"
"Urban Design Workshop"," 1203 Chapel Street, New Haven, CT"
"Urban Ethnography Project (UEP)"," 493 College Street, New Haven, CT"
"Urban Resources Initiative"," 301 Prospect Street, New Haven, CT"
"Utilities"," 2 Whitney Avenue, New Haven, CT"
"Vanderbilt Hall"," 1035 Chapel Street, New Haven, CT"
"Vascular Biology & Therapeutics Program"," 10 Amistad Street, New Haven, CT"
"Visitor Center"," 149 Elm Street, New Haven, CT"
"Visual Resources Collection"," 180 York Street, New Haven, CT"
"W.M. Keck Biotechnology Resource Laboratory"," 300 George Street, New Haven, CT"
"Welch Hall"," 330 College Street, New Haven, CT"
"West Campus"," 100 West Campus Drive, New Haven, CT"
"West Campus Analytical Core (WCAC)"," 600 West Campus Drive, New Haven, CT"
"Whitney Humanities Center"," 53 Wall Street, New Haven, CT"
"Whitney Humanities Center Auditorium"," 53 Wall Street, New Haven, CT"
"Wing STC Revision Project"," 120 High Street, New Haven, CT"
"Women Faculty Forum"," 305 Crown Street, New Haven, CT"
"Women’s Center"," 198 Elm Street, New Haven, CT"
"Women’s Health Research at Yale"," 135 College Street, New Haven, CT"
"Woolsey Hall"," 500 College Street, New Haven, CT"
"Work-Life & Childcare Programs"," 221 Whitney Avenue, New Haven, CT"
"World Fellows Program"," 393 Prospect Street, New Haven, CT"
"Wright Laboratory"," 272 Whitney Avenue, New Haven, CT"
"WYBC 94.3"," 142 Temple Street, New Haven, CT"
"Yale Alumni Association"," 232 York Street, New Haven, CT"
"Yale Alumni Magazine"," 149 York Street, New Haven, CT"
"Yale Alzheimer’s Disease Research Unit"," 1 Church Street, New Haven, CT"
"Yale Bookstore"," 77 Broadway, New Haven, CT"
"Yale Bowl"," 81 Central Avenue, New Haven, CT"
"Yale Broadcast Studio"," 135 College Street, New Haven, CT"
"Yale Cabaret"," 217 Park Street, New Haven, CT"
"Yale Camerata"," 409 Prospect Street, New Haven, CT"
"Yale Cancer Center"," 15 York Street, New Haven, CT"
"Yale Center for British Art"," 1080 Chapel Street, New Haven, CT"
"Yale Center for British Art Lecture Hall"," 1080 Chapel Street, New Haven, CT"
"Yale Center for British Art Reference Library"," 1080 Chapel Street, New Haven, CT"
"Yale Center for Genome Analysis (YCGA)"," 830 West Campus Drive, New Haven, CT"
"Yale Center for Molecular Discovery (YCMD)"," 600 West Campus Drive, New Haven, CT"
"Yale Center for the Study of Globalization"," 393 Prospect Street, New Haven, CT"
"Yale Center for the Study of Race, Indigeneity & Transnational Migration"," 35 Broadway, 2nd Floor, New Haven, CT"
"Yale Climate & Energy Institute"," 195 Prospect Street, New Haven, CT"
"Yale Collection of Musical Instruments"," 15 Hillhouse Avenue, New Haven, CT"
"Yale College"," 1 Prospect Street, New Haven, CT"
"Yale College Dean’s Office (YCDO)"," 1 Prospect Street, New Haven, CT"
"Yale College Science & Quantitative Reasoning Center"," 1 Prospect Street, New Haven, CT"
"Yale College Undergraduate Production"," 294-296 Elm Street, New Haven, CT"
"Yale College Writing Center"," 35 Broadway, New Haven, CT"
"Yale Corporation (President & University Fellows)"," 105 Wall Street, New Haven, CT"
"Yale Daily News (YDN)"," 202 York Street, New Haven, CT"
"Yale Dermatologic Surgery"," 40 Temple Street, New Haven, CT"
"Yale Dramatic Association (Dramat)"," 222 York Street, New Haven, CT"
"Yale Entrepreneurial Institute"," 55 Whitney Avenue, New Haven, CT"
"Yale Forest Forum"," 360 Prospect Street, New Haven, CT"
"Yale French Studies"," 82-90 Wall Street, New Haven, CT"
"Yale Glee Club"," 165 Elm Street, New Haven, CT"
"Yale Health"," 55 Lock Street, New Haven, CT"
"Yale Hospitality (Yale Dining)"," 246 Church Street, New Haven, CT"
"Yale Institute for Biospheric Studies (YIBS)"," 21 Sachem Street, New Haven, CT"
"Yale Journal of Biology & Medicine"," 300 George Street, New Haven, CT"
"Yale Library Associates"," 121 Wall Street, New Haven, CT"
"Yale Medicine"," 300 George Street, New Haven, CT"
"Yale News"," 2 Whitney Avenue, New Haven, CT"
"Yale Parenting Center & Child Conduct Clinic"," 314 Prospect Street, New Haven, CT"
"Yale Police Benevolent Association (YPBA)"," 101 Ashmun Street, New Haven, CT"
"Yale Repertory Theatre (Yale Rep)"," 1120 Chapel Street, New Haven, CT"
"Yale Schola Cantorum"," 409 Prospect Street, New Haven, CT"
"Yale Shuttle"," 2 Whitney Avenue, New Haven, CT"
"Yale Stem Cell Center"," 10 Amistad Street, New Haven, CT"
"Yale Summer School of Music"," 435 College Street, New Haven, CT"
"Yale Summer Session"," 55 Whitney Avenue, New Haven, CT"
"Yale Symphony Orchestra"," 165 Elm Street, New Haven, CT"
"Yale Travel Services"," 55 Whitney Avenue, New Haven, CT"
"Yale University Art Gallery"," 1111 Chapel Street, New Haven, CT"
"Yale University Bands"," 165 Elm Street, New Haven, CT"
"Yale University Press"," 302 Temple Street, New Haven, CT"
"Yale Young Global Scholars"," 393 Prospect Street, Betts House, 3rd Floor, New Haven, CT"
"Yale-China Association"," 442 Temple Street, New Haven, CT"
"Yale-in-London Program"," 1080 Chapel Street, New Haven, CT"
"Yale-New Haven Medical Center, Inc."," 789 Howard Avenue, New Haven, CT"
"Yale-New Haven Teachers Institute"," 195 Church Street, New Haven, CT"
"YSM Electronic & Machine Shop"," 315 Cedar Street, New Haven, CT"
